p,n1,n2,innovation,covariance family,rho,Li-Chen,Max-bootstrap,Ours-C(0.3),Ours-C(0.5),Ours-C(0.7),Ours-I,Wang-NR
100,90,60,chisq1,equicorrelation,0.5,0.194,0.041,0.053,0.056,0.054,0.066,0.044
100,90,60,chisq1,toeplitz,0.5,0.084,0.016,0.064,0.071,0.065,0.0,0.0
100,90,60,gaussian,equicorrelation,0.5,0.101,0.099,0.056,0.057,0.059,0.061,0.056
100,90,60,gaussian,toeplitz,0.5,0.047,0.062,0.057,0.063,0.066,0.0,0.01
100,90,60,laplace,equicorrelation,0.5,0.119,0.051,0.05,0.052,0.05,0.051,0.041
100,90,60,laplace,toeplitz,0.5,0.054,0.045,0.063,0.063,0.062,0.0,0.0
100,120,60,chisq1,equicorrelation,0.5,0.218,0.075,0.078,0.082,0.07,0.079,0.066
100,120,60,chisq1,toeplitz,0.5,0.094,0.019,0.067,0.068,0.066,0.0,0.0
100,120,60,gaussian,equicorrelation,0.5,0.1,0.141,0.065,0.07,0.066,0.069,0.058
100,120,60,gaussian,toeplitz,0.5,0.045,0.089,0.057,0.055,0.052,0.0,0.011
100,120,60,laplace,equicorrelation,0.5,0.133,0.1,0.068,0.064,0.064,0.062,0.049
100,120,60,laplace,toeplitz,0.5,0.067,0.048,0.054,0.052,0.05,0.0,0.002
100,180,60,chisq1,equicorrelation,0.5,0.192,0.118,0.108,0.1,0.095,0.096,0.074
100,180,60,chisq1,toeplitz,0.5,0.083,0.046,0.091,0.093,0.085,0.0,0.0
100,180,60,gaussian,equicorrelation,0.5,0.11,0.219,0.095,0.104,0.092,0.094,0.073
100,180,60,gaussian,toeplitz,0.5,0.054,0.109,0.086,0.086,0.083,0.0,0.006
100,180,60,laplace,equicorrelation,0.5,0.157,0.194,0.102,0.11,0.101,0.112,0.085
100,180,60,laplace,toeplitz,0.5,0.069,0.061,0.091,0.088,0.082,0.0,0.002
100,300,60,chisq1,equicorrelation,0.5,0.22,0.244,0.168,0.146,0.125,0.147,0.108
100,300,60,chisq1,toeplitz,0.5,0.087,0.181,0.142,0.128,0.107,0.0,0.0
100,300,60,gaussian,equicorrelation,0.5,0.098,0.333,0.1,0.099,0.091,0.096,0.062
100,300,60,gaussian,toeplitz,0.5,0.063,0.176,0.095,0.096,0.087,0.0,0.005
100,300,60,laplace,equicorrelation,0.5,0.138,0.308,0.105,0.105,0.097,0.1,0.076
100,300,60,laplace,toeplitz,0.5,0.074,0.197,0.094,0.093,0.084,0.0,0.0
200,90,60,chisq1,equicorrelation,0.5,0.188,0.049,0.054,0.058,0.057,0.058,0.049
200,90,60,chisq1,toeplitz,0.5,0.076,0.016,0.065,0.065,0.061,0.0,0.0
200,90,60,gaussian,equicorrelation,0.5,0.118,0.108,0.065,0.065,0.068,0.066,0.057
200,90,60,gaussian,toeplitz,0.5,0.046,0.06,0.046,0.046,0.044,0.0,0.002
200,90,60,laplace,equicorrelation,0.5,0.128,0.074,0.06,0.05,0.052,0.052,0.048
200,90,60,laplace,toeplitz,0.5,0.056,0.043,0.051,0.047,0.05,0.0,0.0
200,120,60,chisq1,equicorrelation,0.5,0.181,0.056,0.062,0.062,0.058,0.065,0.052
200,120,60,chisq1,toeplitz,0.5,0.059,0.012,0.064,0.063,0.065,0.0,0.0
200,120,60,gaussian,equicorrelation,0.5,0.098,0.136,0.058,0.057,0.051,0.056,0.048
200,120,60,gaussian,toeplitz,0.5,0.045,0.076,0.064,0.064,0.061,0.0,0.0
200,120,60,laplace,equicorrelation,0.5,0.114,0.094,0.059,0.062,0.062,0.061,0.053
200,120,60,laplace,toeplitz,0.5,0.064,0.045,0.069,0.073,0.069,0.0,0.001
200,180,60,chisq1,equicorrelation,0.5,0.2,0.103,0.106,0.098,0.093,0.099,0.075
200,180,60,chisq1,toeplitz,0.5,0.075,0.031,0.097,0.098,0.089,0.0,0.0
200,180,60,gaussian,equicorrelation,0.5,0.1,0.269,0.093,0.095,0.084,0.092,0.058
200,180,60,gaussian,toeplitz,0.5,0.063,0.107,0.075,0.082,0.074,0.0,0.003
200,180,60,laplace,equicorrelation,0.5,0.147,0.19,0.1,0.096,0.091,0.096,0.069
200,180,60,laplace,toeplitz,0.5,0.05,0.052,0.062,0.066,0.064,0.0,0.0
200,300,60,chisq1,equicorrelation,0.5,0.185,0.218,0.14,0.123,0.113,0.118,0.091
200,300,60,chisq1,toeplitz,0.5,0.089,0.187,0.102,0.091,0.074,0.0,0.0
200,300,60,gaussian,equicorrelation,0.5,0.111,0.383,0.095,0.097,0.091,0.098,0.071
200,300,60,gaussian,toeplitz,0.5,0.044,0.196,0.078,0.087,0.083,0.0,0.0
200,300,60,laplace,equicorrelation,0.5,0.15,0.324,0.112,0.105,0.101,0.111,0.077
200,300,60,laplace,toeplitz,0.5,0.057,0.201,0.106,0.106,0.088,0.0,0.0
